{
  "list":[
      {
        "x":188.78369754656774,
        "y":594.7142049679109,
        "timeStamp":1556248505,
        "locationPOI":"D25",
        "centerY":588.8249999999999,
        "centerX":193.625
      },
      {
        "x":188.78369754656774,
        "y":594.7142049679109,
        "timeStamp":1556248505,
        "locationPOI":"D25",
        "centerY":588.8249999999999,
        "centerX":193.625
      },
      {
        "x":188.78369754656774,
        "y":594.7142049679109,
        "timeStamp":1556248505,
        "locationPOI":"D25",
        "centerY":588.8249999999999,
        "centerX":193.625
      },
      {
        "x":188.78369754656774,
        "y":594.7142049679109,
        "timeStamp":1556248505,
        "locationPOI":"D25",
        "centerY":588.8249999999999,
        "centerX":193.625
      }
  ]
  }
  